"515863","606 Monterey Pass Rd Ste 111,  Monterey Park,  CA,  91754","Match","Exact","606 MONTEREY PASS RD, MONTEREY PARK, CA, 91754","-118.14762,34.0555","241240918","L"
"515984","3350 Shelby St Ste 250,  Ontario,  CA,  91764-4882","Match","Exact","3350 SHELBY ST, ONTARIO, CA, 91764","-117.577126,34.070145","144734946","R"
"515864","201 Centre Plaza Dr Ste 1,  Monterey Park,  CA,  91754-2143","Match","Exact","201 CENTRE PLAZA DR, MONTEREY PARK, CA, 91754","-118.16621,34.059387","241240908","R"
"515985","3500 Porsche Way Suite 200,  Ontario,  CA,  91764","Match","Exact","3500 PORSCHE WAY, ONTARIO, CA, 91764","-117.57198,34.069794","144734970","L"
"515865","790 S Atlantic Blvd Ste 103,  Monterey Park,  CA,  91754","No_Match"
"515986","3500 Porsche Way Suite 200,  Ontario,  CA,  91764","Match","Exact","3500 PORSCHE WAY, ONTARIO, CA, 91764","-117.57198,34.069794","144734970","L"
"515866","201 Centre Plaza Dr Ste 8,  Monterey Park,  CA,  91754-2179","Match","Exact","201 CENTRE PLAZA DR, MONTEREY PARK, CA, 91754","-118.16621,34.059387","241240908","R"
"515987","320 East D St,  Ontario,  CA,  91764","Match","Exact","320 E D ST, ONTARIO, CA, 91764","-117.64814,34.06702","144675784","R"
"515980","4141 Inland Empire Blvd Ste 260,  Ontario,  CA,  91764-5003","Match","Exact","4141 INLAND EMPIRE BLVD, ONTARIO, CA, 91764","-117.56009,34.07162","144983167","R"
"515860","1000 Corporate Center Dr Ste 420,  Monterey Park,  CA,  91754-7689","Match","Exact","1000 CORPORATE CENTER DR, MONTEREY PARK, CA, 91754","-118.1626,34.05311","241251570","R"
"515981","3333 Concour St.Suite 4202,  Ontario,  CA,  91764","No_Match"
"515861","328 S. Atlantic Blvd.Suite 102,  Monterey Park,  CA,  91754","Tie"
"515982","3350 Shelby StreetSuite 250,  Ontario,  CA,  91764","Match","Non_Exact","3350 SHELBY ST, ONTARIO, CA, 91764","-117.577126,34.070145","144734946","R"
"515862","201 Centre Plaza Dr Ste 1100,  Monterey Park,  CA,  91754-2142","Match","Exact","201 CENTRE PLAZA DR, MONTEREY PARK, CA, 91754","-118.16621,34.059387","241240908","R"
"515983","3400 Inland Empire Blvd Ste 115,  Ontario,  CA,  91764-5576","Match","Exact","3400 INLAND EMPIRE BLVD, ONTARIO, CA, 91764","-117.577934,34.071915","144735055","L"
"515856","201 Centre Plaza Dr Ste 1,  Monterey Park,  CA,  91754-2179","Match","Exact","201 CENTRE PLAZA DR, MONTEREY PARK, CA, 91754","-118.16621,34.059387","241240908","R"
"515977","3400 Inland Empire BlvdSte 101,  Ontario,  CA,  91764","Match","Non_Exact","3400 INLAND EMPIRE BLVD, ONTARIO, CA, 91764","-117.577934,34.071915","144735055","L"
"515857","201 Centre Plaza Dr Ste 1,  Monterey Park,  CA,  91754-2179","Match","Exact","201 CENTRE PLAZA DR, MONTEREY PARK, CA, 91754","-118.16621,34.059387","241240908","R"
"515858","201 Centre Plaza Dr Ste 1,  Monterey Park,  CA,  91754-2142","Match","Exact","201 CENTRE PLAZA DR, MONTEREY PARK, CA, 91754","-118.16621,34.059387","241240908","R"
"515979","337 N. Vineyard Ave4th Floor,  Ontario,  CA,  91764","No_Match"
"515859","201 Centre Plaza DrDependency Division,  Monterey Park,  CA,  91754-2142","Match","Non_Exact","201 CENTRE PLAZA DR, MONTEREY PARK, CA, 91754","-118.16621,34.059387","241240908","R"
"515852","201 Centre Plaza Dr Ste 1,  Monterey Park,  CA,  91754-2179","Match","Exact","201 CENTRE PLAZA DR, MONTEREY PARK, CA, 91754","-118.16621,34.059387","241240908","R"
"515853","901 Corporate Center Dr Ste 203,  Monterey Park,  CA,  91754-7665","Match","Exact","901 CORPORATE CENTER DR, MONTEREY PARK, CA, 91754","-118.164566,34.04877","650195191","L"
"515974","3633 Inland Empire Blvd Ste 450,  Ontario,  CA,  91764-4921","No_Match"
"515854","201 Centre Plaza Dr #1,  Monterey Park,  CA,  91754","Match","Exact","201 CENTRE PLAZA DR, MONTEREY PARK, CA, 91754","-118.16621,34.059387","241240908","R"
"515975","3500 Porsche Way Suite 200,  Ontario,  CA,  91764","Match","Exact","3500 PORSCHE WAY, ONTARIO, CA, 91764","-117.57198,34.069794","144734970","L"
"515855","201 W Garvey Ave Ste 102 582,  Monterey Park,  CA,  91754-7418","Match","Non_Exact","201 W GARVEY AVE, MONTEREY PARK, CA, 91754","-118.12447,34.062542","141637185","R"
"515976","3491 Concours Street.Suite. 201,  Ontario,  CA,  91764","Match","Non_Exact","3491 E CONCOURS ST, ONTARIO, CA, 91764","-117.576225,34.074562","636517536","L"
"515970","801 S Figueroa St 15th Fl,  Los Angeles,  CA,  90017","Match","Non_Exact","801 S FIGUEROA ST, LOS ANGELES, CA, 90017","-118.26127,34.047867","141618894","R"
"515850","201 Centre Plaza Dr Ste 1,  Monterey Park,  CA,  91754-2179","Match","Exact","201 CENTRE PLAZA DR, MONTEREY PARK, CA, 91754","-118.16621,34.059387","241240908","R"
"515971","3491 Concours Ste 200,  Ontario,  CA,  91764-5917","No_Match"
"515851","201 Centre Plaza Dr Ste 1,  Monterey Park,  CA,  91754-2179","Match","Exact","201 CENTRE PLAZA DR, MONTEREY PARK, CA, 91754","-118.16621,34.059387","241240908","R"
"515972","3105 Sedona Ct,  Ontario,  CA,  91764-6555","Match","Exact","3105 SEDONA CT, ONTARIO, CA, 91764","-117.584206,34.06885","619660819","L"
"515849","201 Centre Plaza Dr Ste 1,  Monterey Park,  CA,  91754-2179","Match","Exact","201 CENTRE PLAZA DR, MONTEREY PARK, CA, 91754","-118.16621,34.059387","241240908","R"
"515845","201 Centre Plaza Dr Ste 10,  Monterey Park,  CA,  91754-2179","Match","Exact","201 CENTRE PLAZA DR, MONTEREY PARK, CA, 91754","-118.16621,34.059387","241240908","R"
"515966","3333 Concours St. Ste 4100,  Ontario,  CA,  91764","Match","Non_Exact","3333 E CONCOURS ST, ONTARIO, CA, 91764","-117.579056,34.074615","636517536","L"
"515846","County of Los Angeles201 Centre Plaza Dr Ste 1,  Monterey Park,  CA,  91754","No_Match"
"515967","3602 Inland Empire Blvd Ste C315,  Ontario,  CA,  91764-4986","No_Match"
"515847","201 Centre Plaza Dr Ste 7,  Monterey Park,  CA,  91754-2142","Match","Exact","201 CENTRE PLAZA DR, MONTEREY PARK, CA, 91754","-118.16621,34.059387","241240908","R"
"515968","337 N. Vineyard Avenue4th Floor,  Ontario,  CA,  91764","No_Match"
"515848","1000 Corporate Center Dr Ste 420,  Monterey Park,  CA,  91754-7689","Match","Exact","1000 CORPORATE CENTER DR, MONTEREY PARK, CA, 91754","-118.1626,34.05311","241251570","R"
"515885","2855 E Guasti Rd Ste 400,  Ontario,  CA,  91761-1252","Match","Non_Exact","2855 E GUASTI RD, ONTARIO, CA, 91761","-117.58991,34.066048","647989800","L"
"515886","3281 E Guasti Rd Ste 325,  Ontario,  CA,  91761","Match","Non_Exact","3281 E GUASTI RD, ONTARIO, CA, 91761","-117.58269,34.06599","144965505","L"
"515887","3281 E. Guasti RoadSuite 100,  Ontario,  CA,  91761","No_Match"
"515881","2560 E Philadelphia St,  Ontario,  CA,  91761-7768","Match","Non_Exact","2560 E PHILADELPHIA ST, ONTARIO, CA, 91761","-117.597,34.033813","144735226","R"
"515882","3200 Guasti RoadSuite 100,  Ontario,  CA,  91761","No_Match"
"515883","2560 East Philadelphia St.,  Ontario,  CA,  91761","Match","Exact","2560 E PHILADELPHIA ST, ONTARIO, CA, 91761","-117.59704,34.033813","144735226","R"
"515884","3200 E. Guasti Rd. Suite 100,  Ontario,  CA,  91761","Match","Non_Exact","3200 E GUASTI RD, ONTARIO, CA, 91761","-117.58202,34.065716","144965508","R"
"515880","3401 Centrelake DriveSuite 670,  Ontario,  CA,  91761","No_Match"
"515999","3350 Shelby St Ste 250,  Ontario,  CA,  91764-4882","Match","Exact","3350 SHELBY ST, ONTARIO, CA, 91764","-117.577126,34.070145","144734946","R"
"515879","3281 E. Guasti RoadSuite 175,  Ontario,  CA,  91761","No_Match"
"515874","1101 E Garvey Ave Ste 203,  Monterey Park,  CA,  91755","Match","Exact","1101 GARVEY AVE, MONTEREY PARK, CA, 91755","-118.10804,34.062572","624866928","L"
"515995","3270 Inland Empire Blvd Ste 120,  Ontario,  CA,  91764-6587","No_Match"
"515875","3281 E Guasti Rd Ste 700,  Ontario,  CA,  91761-7643","Match","Non_Exact","3281 E GUASTI RD, ONTARIO, CA, 91761","-117.58269,34.06599","144965505","L"
"515996","3633 Inland Empire Blvd Ste 450,  Ontario,  CA,  91764-4921","No_Match"
"515876","2560 E Philadelphia St,  Ontario,  CA,  91761-7768","Match","Non_Exact","2560 E PHILADELPHIA ST, ONTARIO, CA, 91761","-117.597,34.033813","144735226","R"
"515877","3200 Guasti RoadSuite 100,  Ontario,  CA,  91761","No_Match"
"515998","3602 Inland Empire Blvd Ste B100,  Ontario,  CA,  91764-4929","No_Match"
"515870","115 E Pomona Blvd Ste A,  Monterey Park,  CA,  91755-7210","Match","Non_Exact","115 E POMONA BLVD, MONTEREY PARK, CA, 91755","-118.12964,34.03358","141639023","L"
"515991","320 E D StUniversity Of La Verne Col,  Ontario,  CA,  91764-4128","No_Match"
"515871","125 E Pomona Blvd,  Monterey Park,  CA,  91755","Match","Exact","125 E POMONA BLVD, MONTEREY PARK, CA, 91755","-118.12947,34.03358","141639023","L"
"515992","4141 Inland Empire Blvd Ste 260,  Ontario,  CA,  91764-5004","Match","Exact","4141 INLAND EMPIRE BLVD, ONTARIO, CA, 91764","-117.56009,34.07162","144983167","R"
"515872","223 E Garvey Ave Ste 208,  Monterey Park,  CA,  91755-1863","Match","Non_Exact","223 E GARVEY AVE, MONTEREY PARK, CA, 91755","-118.120285,34.06255","640420312","L"
"515993","3633 Inland Empire BlvdSte 310,  Ontario,  CA,  91764","No_Match"
"515873","1101 E Garvey Ave Ste 206,  Monterey Park,  CA,  91755-3055","Match","Exact","1101 GARVEY AVE, MONTEREY PARK, CA, 91755","-118.10804,34.062572","624866928","L"
"515994","337 N Vineyard Ave Fl 4,  Ontario,  CA,  91764-4453","Match","Non_Exact","337 N VINEYARD AVE, ONTARIO, CA, 91764","-117.61099,34.066223","144636811","L"
"515990","3491 Concours StreetSuite 201,  Ontario,  CA,  91764","No_Match"
"515867","1000 Corporate Center Dr Ste 400,  Monterey Park,  CA,  91754-7686","Match","Exact","1000 CORPORATE CENTER DR, MONTEREY PARK, CA, 91754","-118.1626,34.05311","241251570","R"
"515988","3491 East Concours Suite 200,  Ontario,  CA,  91764","Match","Non_Exact","3491 E CONCOURS ST, ONTARIO, CA, 91764","-117.576225,34.074562","636517536","L"
"515868","125 E. Pomona Blvd.,  Monterey Park,  CA,  91755","Match","Exact","125 E POMONA BLVD, MONTEREY PARK, CA, 91755","-118.12947,34.03358","141639023","L"
"515989","701 N Haven Ave Ste 350,  Ontario,  CA,  91764-4920","Match","Non_Exact","701 N HAVEN AVE, ONTARIO, CA, 91764","-117.57582,34.070023","640050490","R"
"515896","3200 E. Guasti RoadSte 100,  Ontario,  CA,  91761","No_Match"
"515897","3300 E. Guasti Road,  Ontario,  CA,  91761","Match","Exact","3300 E GUASTI RD, ONTARIO, CA, 91761","-117.5804,34.064754","144965508","R"
"515898","3300 E Guasti Rd,  Ontario,  CA,  91761-8655","Match","Non_Exact","3300 E GUASTI RD, ONTARIO, CA, 91761","-117.5804,34.064754","144965508","R"
"515899","3281 East Guasti RoadSuite 175,  Ontario,  CA,  91761","Match","Non_Exact","3281 E GUASTI RD, ONTARIO, CA, 91761","-117.5827,34.065994","144965505","L"
"515892","3949 E Guasti Rd Ste A,  Ontario,  CA,  91761-1549","Match","Non_Exact","3949 E GUASTI RD, ONTARIO, CA, 91761","-117.566444,34.063866","144637762","L"
"515893","3200 E Guasti Rd Ste 100,  Ontario,  CA,  91761-8661","Match","Non_Exact","3200 E GUASTI RD, ONTARIO, CA, 91761","-117.58202,34.065716","144965508","R"
"515894","3286 E Guasti Rd Ste 100,  Ontario,  CA,  91761-8646","Match","Non_Exact","3286 E GUASTI RD, ONTARIO, CA, 91761","-117.58065,34.064854","144965508","R"
"515895","2855 E Guasti Rd Ste 400,  Ontario,  CA,  91761-1252","Match","Non_Exact","2855 E GUASTI RD, ONTARIO, CA, 91761","-117.58991,34.066048","647989800","L"
"515891","910 S Wanamaker Ave,  Ontario,  CA,  91761-8151","Match","Non_Exact","910 S WANAMAKER AVE, ONTARIO, CA, 91761","-117.54987,34.05575","645554524","R"
"515920","3500 Porsche Way Suite 200,  Ontario,  CA,  91764","Match","Exact","3500 PORSCHE WAY, ONTARIO, CA, 91764","-117.57198,34.069794","144734970","L"
"515921","910 S Wanamaker Ave,  Ontario,  CA,  91761-8151","Match","Non_Exact","910 S WANAMAKER AVE, ONTARIO, CA, 91761","-117.54987,34.05575","645554524","R"
"515919","100 North First Street Suite 300,  Burbank,  CA,  91502-1845","Match","Exact","100 N 1ST ST, BURBANK, CA, 91502","-118.310196,34.17984","141595400","R"
"515915","3281 E. Guasti RoadSTE 100,  Ontario,  CA,  91761","No_Match"
"515916","3200 E Guasti Rd Ste 100,  Ontario,  CA,  91761-8661","Match","Non_Exact","3200 E GUASTI RD, ONTARIO, CA, 91761","-117.58202,34.065716","144965508","R"
"515917","4562 Hastings Ct,  Chino,  CA,  91710-5979","Match","Exact","4562 HASTINGS CT, CHINO, CA, 91710","-117.70549,34.01312","144983047","L"
"515918","2910 S Archibald AvenueA633,  Ontario,  CA,  91761","No_Match"
"515911","3281 E Guasti Rd Ste 700,  Ontario,  CA,  91761-7643","Match","Non_Exact","3281 E GUASTI RD, ONTARIO, CA, 91761","-117.58269,34.06599","144965505","L"
"515912","3237 East Guasti RoadSuite 220,  Ontario,  CA,  91761","Match","Non_Exact","3237 E GUASTI RD, ONTARIO, CA, 91761","-117.58309,34.066063","144965505","L"
"515913","3200 Guasti Road #100,  Ontario,  CA,  91761","Match","Non_Exact","3200 E GUASTI RD, ONTARIO, CA, 91761","-117.58202,34.065716","144965508","R"
"515914","3401 Centre Lake Dr Ste 440,  Ontario,  CA,  91761-1230","No_Match"
"515910","Washington Building 2nd Fl4650 N Port Washington,  Milwaukee,  WI,  53212-1078","No_Match"
"515908","2855 E Guasti Rd Ste 400,  Ontario,  CA,  91761-1252","Match","Non_Exact","2855 E GUASTI RD, ONTARIO, CA, 91761","-117.58991,34.066048","647989800","L"
"515909","3281 E. Guasti Rd.Suite 175,  Ontario,  CA,  91761","Match","Non_Exact","3281 E GUASTI RD, ONTARIO, CA, 91761","-117.58269,34.06599","144965505","L"
"515904","3300 E Guasti Rd,  Ontario,  CA,  91761-8655","Match","Non_Exact","3300 E GUASTI RD, ONTARIO, CA, 91761","-117.5804,34.064754","144965508","R"
"515905","3237 E. Guasti RoadSuite 220,  Ontario,  CA,  91761","No_Match"
"515906","3237 East Guasti RoadSuite 220,  Ontario,  CA,  91761","Match","Non_Exact","3237 E GUASTI RD, ONTARIO, CA, 91761","-117.58309,34.066063","144965505","L"
"515907","2560 E Philadelphia St,  Ontario,  CA,  91761-7768","Match","Non_Exact","2560 E PHILADELPHIA ST, ONTARIO, CA, 91761","-117.597,34.033813","144735226","R"
"515900","3401 Centre Lake Dr Ste 670,  Ontario,  CA,  91761-1207","No_Match"
"515901","2855 E Guasti Rd Ste 400,  Ontario,  CA,  91761-1252","Match","Non_Exact","2855 E GUASTI RD, ONTARIO, CA, 91761","-117.58991,34.066048","647989800","L"
"515902","2560 E. Philadelphia St.,  Ontario,  CA,  91761","Match","Non_Exact","2560 E PHILADELPHIA ST, ONTARIO, CA, 91761","-117.597,34.033813","144735226","R"
"515940","201 W F St,  Ontario,  CA,  91762-3203","Match","Non_Exact","201 W F ST, ONTARIO, CA, 91762","-117.652504,34.069443","144675643","L"
"515941","1030 N. Mountain Avenue #166,  Ontario,  CA,  91762","Match","Non_Exact","1030 S MOUNTAIN AVE, ONTARIO, CA, 91762","-117.669846,34.052948","614864292","R"
"515942","1055 North Euclid AvenueP. O. Box 9176,  Ontario,  CA,  91762-9176","No_Match"
"515943","2519 S Euclid Ave,  Ontario,  CA,  91762-6620","No_Match"
"515937","3300 E Guasti Rd Ste 300,  Ontario,  CA,  91761-8657","Match","Non_Exact","3300 E GUASTI RD, ONTARIO, CA, 91761","-117.5804,34.064754","144965508","R"
"515938","2855 E Guasti Rd Ste 400,  Ontario,  CA,  91761-1252","Match","Non_Exact","2855 E GUASTI RD, ONTARIO, CA, 91761","-117.58991,34.066048","647989800","L"
"515939","121 W B St Ste C,  Ontario,  CA,  91762-3502","Match","Non_Exact","121 W B ST, ONTARIO, CA, 91762","-117.651535,34.064587","636201684","L"
"515933","Po Box 49231555 E. Holt Blvd.,  Ontario,  CA,  91761-0855","No_Match"
"515934","3237 East Guasti RoadSuite 220,  Ontario,  CA,  91761","Match","Non_Exact","3237 E GUASTI RD, ONTARIO, CA, 91761","-117.58309,34.066063","144965505","L"
"515935","3257 E Guasti Rd Ste 300,  Ontario,  CA,  91761","Match","Non_Exact","3257 E GUASTI RD, ONTARIO, CA, 91761","-117.58289,34.06604","144965505","L"
"515936","2560 E Philadelphia St,  Ontario,  CA,  91761-7768","Match","Non_Exact","2560 E PHILADELPHIA ST, ONTARIO, CA, 91761","-117.597,34.033813","144735226","R"
"515932","3350 Shelby Street Suite 200,  Ontario,  CA,  91764","Match","Exact","3350 SHELBY ST, ONTARIO, CA, 91764","-117.577126,34.070145","144734946","R"
"515926","1365 W Foothill Blvd Ste 2,  Upland,  CA,  91786-3612","Tie"
"515927","3281 E Guasti Rd Ste 100,  Ontario,  CA,  91761-7656","Match","Non_Exact","3281 E GUASTI RD, ONTARIO, CA, 91761","-117.58269,34.06599","144965505","L"
"515928","3200 E. Guasti RoadSuite 100,  Ontario,  CA,  91761","No_Match"
"515929","3200 Guasti Road Suite 100,  Ontario,  CA,  91761","Match","Non_Exact","3200 E GUASTI RD, ONTARIO, CA, 91761","-117.58202,34.065716","144965508","R"
"515922","2560 E. Philadelphia St,  Ontario,  CA,  91761","Match","Non_Exact","2560 E PHILADELPHIA ST, ONTARIO, CA, 91761","-117.597,34.033813","144735226","R"
"515923","3257 E Guasti Rd Ste 300,  Ontario,  CA,  91761","Match","Non_Exact","3257 E GUASTI RD, ONTARIO, CA, 91761","-117.58289,34.06604","144965505","L"
"515924","Waterside Center3200 E Guasti Rd Ste 100,  Ontario,  CA,  91761","No_Match"
"515925","2855 E Guasti Rd Suite 400,  Ontario,  CA,  91761","Match","Non_Exact","2855 E GUASTI RD, ONTARIO, CA, 91761","-117.58991,34.066048","647989800","L"
"515841","201 Centre Plaza Dr Ste 10 A,  Monterey Park,  CA,  91754-2142","Match","Exact","201 CENTRE PLAZA DR, MONTEREY PARK, CA, 91754","-118.16621,34.059387","241240908","R"
"515962","3602 Inland Empire BlvdSuite C-315,  Ontario,  CA,  91764","No_Match"
"515842","201 Centre Plaza Dr Ste 7,  Monterey Park,  CA,  91754-2142","Match","Exact","201 CENTRE PLAZA DR, MONTEREY PARK, CA, 91754","-118.16621,34.059387","241240908","R"
"515963","3633 Inland Empire Blvd Ste 450,  Ontario,  CA,  91764-4921","No_Match"
"515843","80 South Lake Avenue Suite 823,  Pasadena,  CA,  91101","Match","Exact","80 S LAKE AVE, PASADENA, CA, 91101","-118.13233,34.144352","141630675","L"
"515964","800 N Haven Ave Ste 260,  Ontario,  CA,  91764-4952","Match","Non_Exact","800 N HAVEN AVE, ONTARIO, CA, 91764","-117.57574,34.07483","144734954","L"
"515844","101 Centre Plaza Dr,  Monterey Park,  CA,  91754-2155","Match","Exact","101 CENTRE PLAZA DR, MONTEREY PARK, CA, 91754","-118.16773,34.060413","241240908","R"
"515965","337 N. Vneyard Ave.4th Floor,  Ontario,  CA,  91764","Match","Non_Exact","337 N VINEYARD AVE, ONTARIO, CA, 91764","-117.61099,34.066223","144636811","L"
"515840","1000 Corporate Center Dr Ste 670,  Monterey Park,  CA,  91754-7610","Match","Exact","1000 CORPORATE CENTER DR, MONTEREY PARK, CA, 91754","-118.1626,34.05311","241251570","R"
"515961","3270 Inland Empire Blvd Ste 200,  Ontario,  CA,  91764-5580","No_Match"
"515959","9150 Benson Ave,  Montclair,  CA,  91763","Match","Exact","9150 BENSON AVE, MONTCLAIR, CA, 91763","-117.6809,34.088142","144671799","R"
"515955","4650 Arrow Hwy Ste A10,  Montclair,  CA,  91763","Match","Exact","4650 ARROW HWY, MONTCLAIR, CA, 91763","-117.70309,34.09257","647989413","L"
"515956","4795 Holt Blvd.Suite 110,  Montclair,  CA,  91763","Match","Exact","4795 HOLT BLVD, MONTCLAIR, CA, 91763","-117.70095,34.06316","144671443","R"
"515957","4959 Palo Verde StreetSuite 207C,  Montclair,  CA,  91763","Match","Non_Exact","4959 PALO VERDE ST, MONTCLAIR, CA, 91763","-117.69615,34.0814","641443821","R"
"515958","Inland Empire Office10735 Kadota Avenue,  Montclair,  CA,  91763","No_Match"
"515951","1131 W 6th St Suite 300,  Ontario,  CA,  91762","Match","Non_Exact","1131 W 6TH ST, ONTARIO, CA, 91762","-117.67179,34.085155","144671954","L"
"515952","1131 W. 6th St.Suite. 101,  Ontario,  CA,  91762","Match","Non_Exact","1131 W 6TH ST, ONTARIO, CA, 91762","-117.67179,34.085155","144671954","L"
"515953","Call for an appointment,  Ontario,  CA,  91762","No_Match"
"515954","4959 Palo Verde St Ste 208 C 8,  Montclair,  CA,  91763-2360","Match","Exact","4959 PALO VERDE ST, MONTCLAIR, CA, 91763","-117.69615,34.0814","641443821","R"
"515950","514 N Laurel Ave,  Ontario,  CA,  91762","Tie"
"515948","201 W F St,  Ontario,  CA,  91762-3203","Match","Non_Exact","201 W F ST, ONTARIO, CA, 91762","-117.652504,34.069443","144675643","L"
"515949","204 North San Antonio Avenue,  Ontario,  CA,  91762","Match","Exact","204 N SAN ANTONIO AVE, ONTARIO, CA, 91762","-117.66063,34.06526","144672472","R"
"515944","Po Box 5,  Ontario,  CA,  91762-8005","No_Match"
"515945","822 N Euclid Ave Ste A,  Ontario,  CA,  91762-2760","Match","Non_Exact","822 N EUCLID AVE, ONTARIO, CA, 91762","-117.650894,34.07319","144675718","R"
"515946","822 North Euclid Avenue Suite A,  Ontario,  CA,  91762","Match","Exact","822 N EUCLID AVE, ONTARIO, CA, 91762","-117.650894,34.073143","144675718","R"
"515947","822 North Euclid AvenueSuite A,  Ontario,  CA,  91762","Match","Non_Exact","822 N EUCLID AVE, ONTARIO, CA, 91762","-117.650894,34.073143","144675718","R"
"516039","3633 Inland Empire Blvd Ste 575,  Ontario,  CA,  91764-4980","No_Match"
"516035","3602 Inland Empire Blvd Ste C315,  Ontario,  CA,  91764-4986","No_Match"
"516156","300 S Park Ave Ste 900,  Pomona,  CA,  91766-1552","No_Match"
"516277","828 W Las Tunas Dr,  San Gabriel,  CA,  91776-1021","Tie"
"516036","3400 Inland Empire Blvd Ste 101,  Ontario,  CA,  91764-5577","Match","Exact","3400 INLAND EMPIRE BLVD, ONTARIO, CA, 91764","-117.577934,34.071915","144735055","L"
"516157","333 West Mission Boulevard,  Pomona,  CA,  91766-1606","Match","Non_Exact","333 E MISSION BLVD, POMONA, CA, 91766","-117.747475,34.055183","141734168","L"
"516278","405 S San Gabriel Blvd Ste E,  San Gabriel,  CA,  91776-1966","Match","Non_Exact","405 S SAN GABRIEL BLVD, SAN GABRIEL, CA, 91776","-118.09093,34.09769","141640612","R"
"516037","4150 Concours St.Suite 260,  Ontario,  CA,  91764","Match","Non_Exact","4150 CONCOURS, ONTARIO, CA, 91764","-117.562965,34.073196","627839589","L"
"516158","300 S Park Ave Ste 900,  Pomona,  CA,  91766-1552","No_Match"
"516279","5322 Pondosa Ave,  San Gabriel,  CA,  91776-1927","Match","Non_Exact","5322 N PONDOSA AVE, SAN GABRIEL, CA, 91776","-118.08762,34.095818","141640656","R"
"516038","3350 Shelby St Ste 200,  Ontario,  CA,  91764-5556","Match","Exact","3350 SHELBY ST, ONTARIO, CA, 91764","-117.577126,34.070145","144734946","R"
"516159","101 W Mission Blvd Ste 212,  Pomona,  CA,  91766","Match","Non_Exact","101 W MISSION BLVD, POMONA, CA, 91766","-117.75014,34.055115","141733925","R"
"516152","400 Civic Center Plz,  Pomona,  CA,  91766-3201","No_Match"
"516273","405 S Mission Dr,  San Gabriel,  CA,  91776-1253","Match","Non_Exact","405 S MISSION DR, SAN GABRIEL, CA, 91776","-118.10839,34.097187","142738870","L"
"516032","3175 Sedona CtSte E,  Ontario,  CA,  91764-6561","Match","Non_Exact","3175 SEDONA CT, ONTARIO, CA, 91764","-117.583015,34.068855","619660819","L"
"516153","399 W Mission Blvd,  Pomona,  CA,  91766","No_Match"
"516274","1022 S San Gabriel Blvd Ste E,  San Gabriel,  CA,  91776","Match","Non_Exact","1022 S SAN GABRIEL BLVD, SAN GABRIEL, CA, 91776","-118.09082,34.0894","141640681","L"
"516033","3350 Shelby St Ste 250,  Ontario,  CA,  91764-4882","Match","Exact","3350 SHELBY ST, ONTARIO, CA, 91764","-117.577126,34.070145","144734946","R"
"516154","401 S Main St Ste 102,  Pomona,  CA,  91766","Match","Non_Exact","401 S MAIN ST, POMONA, CA, 91766","-117.75226,34.055897","141733889","R"
"516275","250 W Valley Blvd Ste G5,  San Gabriel,  CA,  91776","Tie"
"516034","3175 Sedona Ct.Building # E,  Ontario,  CA,  91764","Match","Exact","3175 SEDONA CT, ONTARIO, CA, 91764","-117.583015,34.068855","619660819","L"
"516155","401 S Main St Ste 110,  Pomona,  CA,  91766-1638","Match","Non_Exact","401 S MAIN ST, POMONA, CA, 91766","-117.75226,34.055897","141733889","R"
"516276","529 E Valley Blvd Ste 208 A,  San Gabriel,  CA,  91776-3670","Tie"
"516270","1027 S San Gabriel Blvd,  San Gabriel,  CA,  91776-3112","Match","Non_Exact","1027 S SAN GABRIEL BLVD, SAN GABRIEL, CA, 91776","-118.090836,34.089336","141640681","R"
"516150","400 Civic Center Plz Ste 201,  Pomona,  CA,  91766-3201","No_Match"
"516271","205 W Las Tunas Dr Ste 3,  San Gabriel,  CA,  91776-1272","Tie"
"516030","3175 Sedona Ct.Suite E,  Ontario,  CA,  91764","Match","Exact","3175 SEDONA CT, ONTARIO, CA, 91764","-117.583015,34.068855","619660819","L"
"516272","1710 S Del Mar Ave Ste 219,  San Gabriel,  CA,  91776-3872","Match","Non_Exact","1710 S DEL MAR AVE, SAN GABRIEL, CA, 91776","-118.09957,34.078213","142814102","L"
"516028","500 East E StreetSte. 120,  Ontario,  CA,  91764","Match","Non_Exact","500 E E ST, ONTARIO, CA, 91764","-117.645905,34.068253","144676009","R"
"516149","210 W Temple St 18th Fl,  Los Angeles,  CA,  90012","Tie"
"516024","3175 Sedona Ct Ste E,  Ontario,  CA,  91764","Match","Exact","3175 SEDONA CT, ONTARIO, CA, 91764","-117.583015,34.068855","619660819","L"
"516145","300 S Park Ave Ste 900,  Pomona,  CA,  91766-1552","No_Match"
"516266","523 Alhambra Rd,  San Gabriel,  CA,  91775-2101","Match","Non_Exact","523 N ALHAMBRA RD, SAN GABRIEL, CA, 91775","-118.11498,34.11061","141633623","L"
"516146","300 S Park Ave Ste 900,  Pomona,  CA,  91766-1552","No_Match"
"516267","828 West Las Tunas Drive,  San Gabriel,  CA,  91776","Match","Exact","828 W LAS TUNAS DR, SAN GABRIEL, CA, 91776","-118.11129,34.102314","141633723","L"
"516026","3633 Inland Empire Blvd Ste 450,  Ontario,  CA,  91764-4921","No_Match"
"516147","363 S Park Ave Ste 100,  Pomona,  CA,  91766-1560","No_Match"
"516268","711 E Las Tunas Dr,  San Gabriel,  CA,  91776-1544","Tie"
"516027","3175 Sedona Ct Ste E,  Ontario,  CA,  91764-6561","Match","Exact","3175 SEDONA CT, ONTARIO, CA, 91764","-117.583015,34.068855","619660819","L"
"516148","14 Falcon Ridge Dr,  Pomona,  CA,  91766-4721","Match","Exact","14 FALCON RIDGE DR, POMONA, CA, 91766","-117.77652,34.0298","141730949","L"
"516269","123 S. Mission DriveSuite D,  San Gabriel,  CA,  91776","No_Match"
"516020","3595 Inland Empire Blvd Ste 2210,  Ontario,  CA,  91764-5921","Match","Exact","3595 INLAND EMPIRE BLVD, ONTARIO, CA, 91764","-117.57364,34.071583","144734968","L"
"516141","300 S Park Ave Ste 770,  Pomona,  CA,  91766-1557","No_Match"
"516262","6514 N San Gabriel Blvd,  San Gabriel,  CA,  91775-1743","Match","Non_Exact","6514 S SAN GABRIEL BLVD, SAN GABRIEL, CA, 91775","-118.09123,34.117584","141634578","L"
"516142","101 West Mission Blvd Suite 218B,  Pomona,  CA,  91766-1606","Match","Exact","101 W MISSION BLVD, POMONA, CA, 91766","-117.75014,34.055115","141733925","R"
"516022","3633 Inland Empire Blvd Ste 670,  Ontario,  CA,  91764-7965","No_Match"
"516143","400 Civic Center Plz Rm 730,  Pomona,  CA,  91766-3201","No_Match"
"516264","305 N San Marino Ave,  San Gabriel,  CA,  91775-2911","Match","Non_Exact","305 N SAN MARINO AVE, SAN GABRIEL, CA, 91775","-118.10407,34.10641","141633897","L"
"516144","300 S Park Ave Ste 900,  Pomona,  CA,  91766-1552","No_Match"
"516265","396 Alhambra Rd,  San Gabriel,  CA,  91775-2704","Match","Non_Exact","396 N ALHAMBRA RD, SAN GABRIEL, CA, 91775","-118.11577,34.107933","141813563","R"
"516260","613 West Covina Boulevard,  San Dimas,  CA,  91773","No_Match"
"516140","363 S Park Ave Ste 300,  Pomona,  CA,  91766-1560","No_Match"
"516261","75 5660 Kopiko St Ste C7 Pmb 238,  Kailua Kona,  HI,  96740-3122","No_Match"
"516178","3179 W Temple Ave,  Pomona,  CA,  91768-3241","Match","Non_Exact","3179 W TEMPLE AVE, POMONA, CA, 91768","-117.802574,34.045254","642863401","L"
"516299","9525 Las Tunas Dr,  Temple City,  CA,  91780-2105","Match","Exact","9525 LAS TUNAS DR, TEMPLE CITY, CA, 91780","-118.06285,34.106434","142742005","L"
"516058","3633 Inland Empire Blvd Ste 450,  Ontario,  CA,  91764-4921","No_Match"
"516179","3179 W Temple Ave,  Pomona,  CA,  91768-3289","Match","Non_Exact","3179 W TEMPLE AVE, POMONA, CA, 91768","-117.802574,34.045254","642863401","L"
"516053","3270 Inland Empire Blvd,  Ontario,  CA,  91764-5580","No_Match"
"516174","3179 W Temple Ave,  Pomona,  CA,  91768-3241","Match","Non_Exact","3179 W TEMPLE AVE, POMONA, CA, 91768","-117.802574,34.045254","642863401","L"
"516295","1045 Anderson Way,  San Gabriel,  CA,  91776-2917","Match","Exact","1045 ANDERSON WAY, SAN GABRIEL, CA, 91776","-118.10565,34.088955","141639858","R"
"516054","3333 Concours Fl 2Bldg 7,  Ontario,  CA,  91764-4875","No_Match"
"516175","801 Corporate Center Dr Ste 120,  Pomona,  CA,  91768-2639","No_Match"
"516296","PO Box 643,  San Gabriel,  CA,  91778","No_Match"
"516055","3105 Sedona Ct,  Ontario,  CA,  91764-6555","Match","Exact","3105 SEDONA CT, ONTARIO, CA, 91764","-117.584206,34.06885","619660819","L"
"516176","3179 W Temple Ave,  Pomona,  CA,  91768-3241","Match","Non_Exact","3179 W TEMPLE AVE, POMONA, CA, 91768","-117.802574,34.045254","642863401","L"
"516297","9525 Las Tunas Dr,  Temple City,  CA,  91780","Match","Exact","9525 LAS TUNAS DR, TEMPLE CITY, CA, 91780","-118.06285,34.106434","142742005","L"
"516056","508 E Rosewood Ct,  Ontario,  CA,  91764","Match","Non_Exact","508 E ROSEWOOD CT, ONTARIO, CA, 91764","-117.64579,34.07703","144675536","R"
"516177","3179 W Temple AveDivision Iii,  Pomona,  CA,  91768-3241","No_Match"
"516298","9525 Las Tunas Dr,  Temple City,  CA,  91780-2105","Match","Exact","9525 LAS TUNAS DR, TEMPLE CITY, CA, 91780","-118.06285,34.106434","142742005","L"
"516170","3179 W Temple Ave,  Pomona,  CA,  91768-3289","Match","Non_Exact","3179 W TEMPLE AVE, POMONA, CA, 91768","-117.802574,34.045254","642863401","L"
"516291","828 W Las Tunas Dr,  San Gabriel,  CA,  91776-1021","Tie"
"516050","3595 Inland Empire Blvd Ste 2210,  Ontario,  CA,  91764-5921","Match","Exact","3595 INLAND EMPIRE BLVD, ONTARIO, CA, 91764","-117.57364,34.071583","144734968","L"
"516171","740 Corporate Center Dr,  Pomona,  CA,  91768-2654","Match","Exact","740 CORPORATE CENTER DR, POMONA, CA, 91768","-117.80031,34.06397","241104072","R"
"516292","1022 S San Gabriel Blvd.Suite E,  San Gabriel,  CA,  91776-3150","Match","Non_Exact","1022 S SAN GABRIEL BLVD, SAN GABRIEL, CA, 91776","-118.09082,34.0894","141640681","L"
"516051","430 N Vineyard Ave Ste 200,  Ontario,  CA,  91764-5454","Match","Non_Exact","430 N VINEYARD AVE, ONTARIO, CA, 91764","-117.61099,34.067574","144636804","R"
"516172","801 Corporate Center Dr Ste 120,  Pomona,  CA,  91768-2639","No_Match"
"516293","923 E. Valley BoulevardSuite 105,  San Gabriel,  CA,  91776-3684","Match","Non_Exact","923 VALLEY BLVD, SAN GABRIEL, CA, 91776","-118.08709,34.080326","634243594","L"
"516052","3633 E. Inland Empire BlvdSuite 777,  Ontario,  CA,  91764","No_Match"
"516173","801 Corporate Center Dr Ste 120,  Pomona,  CA,  91768-2639","No_Match"
"516294","208 E Valley Blvd Ste C,  San Gabriel,  CA,  91776-6514","Tie"
"516290","828 West Las Tunas Drive,  San Gabriel,  CA,  91776","Match","Exact","828 W LAS TUNAS DR, SAN GABRIEL, CA, 91776","-118.11129,34.102314","141633723","L"
"516046","800 N Haven Ave Ste 360,  Ontario,  CA,  91764-4915","Match","Non_Exact","800 N HAVEN AVE, ONTARIO, CA, 91764","-117.57574,34.07483","144734954","L"
"516167","101 W Mission Blvd Ste 212,  Pomona,  CA,  91766-1716","Match","Non_Exact","101 W MISSION BLVD, POMONA, CA, 91766","-117.75014,34.055115","141733925","R"
"516288","923 E Valley Blvd Ste 201,  San Gabriel,  CA,  91776","Match","Exact","923 VALLEY BLVD, SAN GABRIEL, CA, 91776","-118.08709,34.080326","634243594","L"
"516047","3350 Shelby St Ste 250,  Ontario,  CA,  91764","Match","Exact","3350 SHELBY ST, ONTARIO, CA, 91764","-117.577126,34.070145","144734946","R"
"516168","120 E. Monterey Ave. #400,  Pomona,  CA,  91767","Match","Non_Exact","120 E MONTEREY AVE, POMONA, CA, 91767","-117.749756,34.06057","141733902","R"
"516289","1228 S San Gabriel Blvd Ste D,  San Gabriel,  CA,  91776","Match","Non_Exact","1228 S SAN GABRIEL BLVD, SAN GABRIEL, CA, 91776","-118.090775,34.08565","141640781","L"
"516048","3633 Inland Empire Blvd Ste 450,  Ontario,  CA,  91764-4921","No_Match"
"516169","345 E Foothill Blvd,  Pomona,  CA,  91767-1405","Match","Non_Exact","345 E FOOTHILL BLVD, POMONA, CA, 91767","-117.74311,34.107185","141820095","L"
"516049","3200 Inland Empire BlvdSuite 265,  Ontario,  CA,  91764","No_Match"
"516163","363 S. Park Ave.Suite 107,  Pomona,  CA,  91766","No_Match"
"516284","1103 S San Gabriel Blvd Ste D,  San Gabriel,  CA,  91776-3152","Match","Non_Exact","1103 S SAN GABRIEL BLVD, SAN GABRIEL, CA, 91776","-118.09081,34.08787","141640687","R"
"516043","3500 Porsche Way Suite 200,  Ontario,  CA,  91764","Match","Exact","3500 PORSCHE WAY, ONTARIO, CA, 91764","-117.57198,34.069794","144734970","L"
"516164","435 West Mission Boulevard Suite 306,  Pomona,  CA,  91766","Match","Non_Exact","435 E MISSION BLVD, POMONA, CA, 91766","-117.74636,34.055206","141734174","L"
"516285","828 West Las Tunas Drive,  San Gabriel,  CA,  91776","Match","Exact","828 W LAS TUNAS DR, SAN GABRIEL, CA, 91776","-118.11129,34.102314","141633723","L"
"516044","3400 Inland Empire Blvd.Ste. 101,  Ontario,  CA,  91764","Match","Exact","3400 INLAND EMPIRE BLVD, ONTARIO, CA, 91764","-117.577934,34.071915","144735055","L"
"516165","2840 Ficus St,  Pomona,  CA,  91766-6501","Match","Exact","2840 FICUS ST, POMONA, CA, 91766","-117.73573,34.020805","642864939","L"
"516286","1015 E Las Tunas Dr Ste F,  San Gabriel,  CA,  91776","Match","Non_Exact","1015 E LAS TUNAS DR, SAN GABRIEL, CA, 91776","-118.08559,34.103436","141634814","L"
"516045","3400 Inland Empire Blvd Ste 101,  Ontario,  CA,  91764-5577","Match","Exact","3400 INLAND EMPIRE BLVD, ONTARIO, CA, 91764","-117.577934,34.071915","144735055","L"
"516166","1137 W Mission Blvd,  Pomona,  CA,  91766-1343","No_Match"
"516287","Suite 1800 888 South Figueroa Street,  Los Angeles,  CA,  90017","Match","Exact","888 S FIGUEROA ST, LOS ANGELES, CA, 90017","-118.262665,34.04635","640413677","L"
"516280","405 S Mission Dr,  San Gabriel,  CA,  91776","Match","Non_Exact","405 S MISSION DR, SAN GABRIEL, CA, 91776","-118.10839,34.097187","142738870","L"
"516160","300 S Park Ave Ste 900,  Pomona,  CA,  91766-1552","No_Match"
"516281","8810 East Las Tunas Drive,  San Gabriel,  CA,  91776","Match","Exact","8810 E LAS TUNAS DR, SAN GABRIEL, CA, 91776","-118.07649,34.10341","141635036","R"
"516040","3105 Sedona Ct,  Ontario,  CA,  91764","Match","Exact","3105 SEDONA CT, ONTARIO, CA, 91764","-117.584206,34.06885","619660819","L"
"516161","401 S Main St Ste 210,  Pomona,  CA,  91766","Match","Non_Exact","401 S MAIN ST, POMONA, CA, 91766","-117.75226,34.055897","141733889","R"
"516282","aka The Liu Law Group923 E Valley Blvd #110,  San Gabriel,  CA,  91776","No_Match"
"516041","3333 Concours Fl 2Bldg 7,  Ontario,  CA,  91764-4875","No_Match"
"516162","1126 W Mission Blvd Ste A,  Pomona,  CA,  91766-1342","No_Match"
"516283","110 W Las Tunas Dr Ste B,  San Gabriel,  CA,  91776-1346","Tie"
"516079","20955 Pathfinder Rd Ste 100,  Diamond Bar,  CA,  91765-4029","Match","Exact","20955 PATHFINDER RD, DIAMOND BAR, CA, 91765","-117.8446,33.984276","141736183","R"
"516075","20955 Pathfinder Rd Ste 300,  Diamond Bar,  CA,  91765-4029","Match","Exact","20955 PATHFINDER RD, DIAMOND BAR, CA, 91765","-117.8446,33.984276","141736183","R"
"516196","2244 Walnut Grove Ave,  Rosemead,  CA,  91770-3714","Match","Exact","2244 WALNUT GROVE AVE, ROSEMEAD, CA, 91770","-118.08196,34.0539","142245660","R"
"516076","21680 Gateway Center Dr Ste 100,  Diamond Bar,  CA,  91765-2454","Match","Exact","21680 GATEWAY CENTER DR, DIAMOND BAR, CA, 91765","-117.833206,33.999886","142238884","L"
"516197","2244 Walnut Grove AveSouthern California Edison Company,  Rosemead,  CA,  91770-3714","Match","Non_Exact","2244 WALNUT GROVE AVE, ROSEMEAD, CA, 91770","-118.08196,34.0539","142245660","R"
"516198","2244 Walnut Grove Ave,  Rosemead,  CA,  91770-3714","Match","Exact","2244 WALNUT GROVE AVE, ROSEMEAD, CA, 91770","-118.08196,34.0539","142245660","R"
"516078","21865 Copley Dr,  Diamond Bar,  CA,  91765-4178","Match","Exact","21865 COPLEY DR, DIAMOND BAR, CA, 91765","-117.8291,34.00091","241251688","L"
"516199","2244 Walnut Grove Ave,  Rosemead,  CA,  91770-3714","Match","Exact","2244 WALNUT GROVE AVE, ROSEMEAD, CA, 91770","-118.08196,34.0539","142245660","R"
"516071","1370 Valley Vista DriveSuite 200,  Diamond Bar,  CA,  91765","Match","Non_Exact","1370 VALLEY VISTA DR, DIAMOND BAR, CA, 91765","-117.83547,33.998276","142843486","L"
"516192","Po Box 2769,  Pomona,  CA,  91769-2769","No_Match"
"516072","22632 Golden Springs Drive2000 East Fourth StreetSuite 115,  Diamond Bar,  CA,  91765","No_Match"
"516193","Po Box 164Main At 4th; By Courthouse,  Pomona,  CA,  91769-0164","No_Match"
"516073","414 South Prospectors RoadSuite G,  Diamond Bar,  CA,  91765-3783","Match","Non_Exact","414 S PROSPECTORS RD, DIAMOND BAR, CA, 91765","-117.813484,34.018517","142844254","L"
"516194","2244 Walnut Grove Ave,  Rosemead,  CA,  91770-3714","Match","Exact","2244 WALNUT GROVE AVE, ROSEMEAD, CA, 91770","-118.08196,34.0539","142245660","R"
"516195","3733 Rosemead Blvd Ste 203,  Rosemead,  CA,  91770-1981","Match","Exact","3733 ROSEMEAD BLVD, ROSEMEAD, CA, 91770","-118.073166,34.076023","241152642","R"
"516190","801 Corporate Center Dr Ste 120,  Pomona,  CA,  91768-2639","No_Match"
"516070","21680 Gateway Center Dr Ste 100,  Diamond Bar,  CA,  91765-2454","Match","Exact","21680 GATEWAY CENTER DR, DIAMOND BAR, CA, 91765","-117.833206,33.999886","142238884","L"
"516191","Po Box 391399 W Mission Blvd,  Pomona,  CA,  91769-0391","No_Match"
"516068","P O Box 4940,  Diamond Bar,  CA,  91765-0940","No_Match"
"516189","1574 Valencia Pl,  Pomona,  CA,  91768","Match","Exact","1574 VALENCIA PL, POMONA, CA, 91768","-117.76931,34.07437","141729813","R"
"516069","21865 Copley Dr,  Diamond Bar,  CA,  91765-4178","Match","Exact","21865 COPLEY DR, DIAMOND BAR, CA, 91765","-117.8291,34.00091","241251688","L"
"516064","17800 Castleton St Ste 600,  City of Industry,  CA,  91748-5726","No_Match"
"516185","3179 W Temple Ave,  Pomona,  CA,  91768-3289","Match","Non_Exact","3179 W TEMPLE AVE, POMONA, CA, 91768","-117.802574,34.045254","642863401","L"
"516065","1142 S Diamond Bar Blvd # 363,  Diamond Bar,  CA,  91765-2203","Tie"
"516186","732 Corporate Center Dr,  Pomona,  CA,  91768-2653","Match","Exact","732 CORPORATE CENTER DR, POMONA, CA, 91768","-117.80005,34.063934","241104072","R"
"516066","21688 Gateway Center Dr Ste 125,  Diamond Bar,  CA,  91765-2451","Match","Exact","21688 GATEWAY CENTER DR, DIAMOND BAR, CA, 91765","-117.83326,33.99998","142238884","L"
"516187","981 Corporate Center Dr.Suite 100,  Pomona,  CA,  91768","Match","Exact","981 CORPORATE CENTER DR, POMONA, CA, 91768","-117.802704,34.06158","241104071","L"
"516067","640 N Diamond Bar Blvd,  Diamond Bar,  CA,  91765","Tie"
"516188","981 Corporate Center DrSuit 100,  Pomona,  CA,  91768-2600","Match","Non_Exact","981 CORPORATE CENTER DR, POMONA, CA, 91768","-117.802704,34.06158","241104071","L"
"516060","3175-E Sedona Court.,  Ontario,  CA,  91764","Match","Exact","3175 SEDONA CT, ONTARIO, CA, 91764","-117.583015,34.068855","619660819","L"
"516181","3801 W Temple AveMhr Dept,  Pomona,  CA,  91768-2557","No_Match"
"516061","3350 Shelby St Ste 250,  Ontario,  CA,  91764-4882","Match","Exact","3350 SHELBY ST, ONTARIO, CA, 91764","-117.577126,34.070145","144734946","R"
"516182","3179 W Temple Ave,  Pomona,  CA,  91768-3241","Match","Non_Exact","3179 W TEMPLE AVE, POMONA, CA, 91768","-117.802574,34.045254","642863401","L"
"516062","20955 Pathfinder Rd.Ste. 100,  Diamond Bar,  CA,  91765","Match","Exact","20955 PATHFINDER RD, DIAMOND BAR, CA, 91765","-117.8446,33.984276","141736183","R"
"516183","3801 W Temple Ave,  Pomona,  CA,  91768-2557","Match","Non_Exact","3801 W TEMPLE AVE, POMONA, CA, 91768","-117.81559,34.0498","642863410","L"
"516063","22632 Golden Springs Dr Ste 200,  Diamond Bar,  CA,  91765-5483","No_Match"
"516184","3179 W Temple Ave,  Pomona,  CA,  91768-3289","Match","Non_Exact","3179 W TEMPLE AVE, POMONA, CA, 91768","-117.802574,34.045254","642863401","L"
"516180","981 Corporate Center DriveSuite 100,  Pomona,  CA,  91768","Match","Non_Exact","981 CORPORATE CENTER DR, POMONA, CA, 91768","-117.802704,34.06158","241104071","L"
"516098","425 Market Street 26th Floor,  San Francisco,  CA,  94105","Match","Exact","425 MARKET ST, SAN FRANCISCO, CA, 94105","-122.39847,37.79148","192302075","L"
"516099","640 N Diamond Bar Blvd,  Diamond Bar,  CA,  91765-1037","Tie"
"516093","3333 S Brea Canyon Rd Ste 216,  Diamond Bar,  CA,  91765-3785","Match","Exact","3333 BREA CANYON RD, DIAMOND BAR, CA, 91765","-117.84753,33.967514","142812295","R"
"516094","1370 Valley Vista Dr Ste 200,  Diamond Bar,  CA,  91765-3921","Match","Exact","1370 VALLEY VISTA DR, DIAMOND BAR, CA, 91765","-117.83547,33.998276","142843486","L"
"516096","21680 Gateway Center Dr Ste 280,  Diamond Bar,  CA,  91765-2456","Match","Exact","21680 GATEWAY CENTER DR, DIAMOND BAR, CA, 91765","-117.833206,33.999886","142238884","L"
"516090","20955 Pathfinder Rd Ste 300,  Diamond Bar,  CA,  91765","Match","Exact","20955 PATHFINDER RD, DIAMOND BAR, CA, 91765","-117.8446,33.984276","141736183","R"
"516091","21680 Gateway Center Dr Ste 100,  Diamond Bar,  CA,  91765","Match","Exact","21680 GATEWAY CENTER DR, DIAMOND BAR, CA, 91765","-117.833206,33.999886","142238884","L"
"516092","730 N. Diamond Bar Blvd.,  Diamond Bar,  CA,  91765","Tie"
"516086","20955 Pathfinder Rd Ste 100,  Diamond Bar,  CA,  91765-4029","Match","Exact","20955 PATHFINDER RD, DIAMOND BAR, CA, 91765","-117.8446,33.984276","141736183","R"
"516087","732 N. Diamond Bar Blvd.Suite. 210,  Diamond Bar,  CA,  91765-1045","Tie"
"516088","21700 Copley Dr Ste 280,  Diamond Bar,  CA,  91765-5489","Match","Exact","21700 COPLEY DR, DIAMOND BAR, CA, 91765","-117.83086,33.99963","241251688","R"
"516089","730 N Diamond Bar Blvd,  Diamond Bar,  CA,  91765-1038","Tie"
"516082","414 S Prospectors RoadSuite G,  Diamond Bar,  CA,  91765","No_Match"
"516083","732 N. Diamond Bar Blvd.Suite 118,  Diamond Bar,  CA,  91765","Tie"
"516084","3750 University Avenue Suite 400,  Riverside,  CA,  92502","Match","Non_Exact","3750 UNIVERSITY AVE, RIVERSIDE, CA, 92501","-117.37511,33.98223","194742071","L"
"516085","2705 S. Diamond Bar Blvd.Suite 398,  Diamond Bar,  CA,  91765","Match","Non_Exact","2705 S DIAMOND BAR BLVD, DIAMOND BAR, CA, 91765","-117.83609,33.975803","241153445","R"
"516080","20955 Pathfinder Rd Ste 300,  Diamond Bar,  CA,  91765","Match","Exact","20955 PATHFINDER RD, DIAMOND BAR, CA, 91765","-117.8446,33.984276","141736183","R"
"516081","21700 Copley DriveSuite 280,  Diamond Bar,  CA,  91765-5489","Match","Non_Exact","21700 COPLEY DR, DIAMOND BAR, CA, 91765","-117.83086,33.99963","241251688","R"
"516315","Business Bank of California Building188 N. Euclid Avenue,  Upland,  CA,  91786","No_Match"
"516316","305 N 2nd Ave # 127,  Upland,  CA,  91786-6064","Tie"
"516317","790 West Arrow Hwy,  Upland,  CA,  91786","Match","Exact","790 W ARROW HWY, UPLAND, CA, 91786","-117.66039,34.099697","144674587","L"
"516310","11682 El Camino Real Suite 200,  San Diego,  CA,  92130","No_Match"
"516311","1474 W 9th St Ste A2,  Upland,  CA,  91786-5694","Tie"
"516312","1317 W Foothill Blvd Ste 222,  Upland,  CA,  91786-3673","Tie"
"516313","309 North Euclid Avenue,  Upland,  CA,  91786","Match","Exact","309 N EUCLID AVE, UPLAND, CA, 91786","-117.65133,34.098263","636198133","L"
"516307","Po Box 1851,  Upland,  CA,  91785-1851","No_Match"
"516308","984 W Foothill Blvd Ste A,  Upland,  CA,  91786","Tie"
"516309","400 N Mountain Ave Ste 101,  Upland,  CA,  91786-5177","Tie"
"516303","2436 N Euclid Ave,  Upland,  CA,  91784","Match","Non_Exact","2436 N EUCLID AVE, UPLAND, CA, 91784","-117.652664,34.152782","144981119","R"
"516304","100 N Euclid Ave.2nd Flr,  Upland,  CA,  91784","No_Match"
"516305","8701 W 3rd St Ste 130,  Los Angeles,  CA,  90048-3803","Match","Non_Exact","8701 W 3RD ST, LOS ANGELES, CA, 90048","-118.38173,34.073586","141572342","R"
"516306","PO Box 247,  Upland,  CA,  91785","No_Match"
"516300","5709 Oak Ave,  Temple City,  CA,  91780-2431","Match","Exact","5709 OAK AVE, TEMPLE CITY, CA, 91780","-118.064476,34.10271","141644597","L"
"516301","5703 Temple City Blvd,  Temple City,  CA,  91780","Match","Exact","5703 TEMPLE CITY BLVD, TEMPLE CITY, CA, 91780","-118.06021,34.103237","141644651","L"
"516302","1225 E 16th St Ste 2,  Upland,  CA,  91784-2402","Tie"
"516215","2244 Walnut Grove Ave Fl 3,  Rosemead,  CA,  91770-3714","Match","Exact","2244 WALNUT GROVE AVE, ROSEMEAD, CA, 91770","-118.08196,34.0539","142245660","R"
"516336","5001 Birch Street,  Newport Beach,  CA,  92660","Match","Exact","5001 BIRCH ST, NEWPORT BEACH, CA, 92660","-117.85962,33.666782","144058316","L"
"516216","555 South Flower Street 31st Floor,  Los Angeles,  CA,  90071","Match","Exact","555 S FLOWER ST, LOS ANGELES, CA, 90071","-118.25681,34.050793","141617195","R"
"516337","255 West Foothill BoulevardSuite 200,  Upland,  CA,  91786","Match","Non_Exact","255 W FOOTHILL BLVD, UPLAND, CA, 91786","-117.65681,34.107002","616549891","R"
"516217","3733 Rosemead Blvd.Suite 201,  Los Angeles,  CA,  91770","Match","Non_Exact","3733 ROSEMEAD BLVD, ROSEMEAD, CA, 91770","-118.073166,34.076023","241152642","R"
"516338","299 W. Foothill Boulevard Suite 201Upland,  Ontario,  CA,  91786-3806","No_Match"
"516218","2244 Walnut Grove Ave # 358 B,  Rosemead,  CA,  91770-3714","Match","Exact","2244 WALNUT GROVE AVE, ROSEMEAD, CA, 91770","-118.08196,34.0539","142245660","R"
"516339","1474 W 9th St Ste A2,  Upland,  CA,  91786-5694","Tie"
"516211","150 N Santa Anita AveSte 200,  Arcadia,  CA,  91006","No_Match"
"516332","305 N 2nd Ave # 127,  Upland,  CA,  91786-6064","Tie"
"516212","1683 Walnut Grove Ave,  Rosemead,  CA,  91770-3711","Match","Exact","1683 WALNUT GROVE AVE, ROSEMEAD, CA, 91770","-118.08186,34.049248","647491890","L"
"516333","411 N Central Ave Ste B,  Upland,  CA,  91786","Match","Exact","411 CENTRAL AVE, UPLAND, CA, 91786","-117.68965,34.09845","144671138","L"
"516213","2244 Walnut Grove Ave,  Rosemead,  CA,  91770-3714","Match","Exact","2244 WALNUT GROVE AVE, ROSEMEAD, CA, 91770","-118.08196,34.0539","142245660","R"
"516334","904 W 14th StEuclid Law Center,  Upland,  CA,  91786-2717","No_Match"
"516214","2244 Walnut Grove Ave,  Rosemead,  CA,  91770-3714","Match","Exact","2244 WALNUT GROVE AVE, ROSEMEAD, CA, 91770","-118.08196,34.0539","142245660","R"
"516335","790 W. Arrow Highway,  Upland,  CA,  91786","Tie"
"516330","1474 W 9th St Ste A2,  Upland,  CA,  91786-5694","Tie"
"516210","2244 Walnut Grove AveGo 1 351 C,  Rosemead,  CA,  91770-3714","Match","Non_Exact","2244 WALNUT GROVE AVE, ROSEMEAD, CA, 91770","-118.08196,34.0539","142245660","R"
"516331","305 N 2nd Ave # 127,  Upland,  CA,  91786-6064","Tie"
"516208","3733 Rosemead BoulevardSuite 201,  Rosemead,  CA,  91770","Match","Non_Exact","3733 ROSEMEAD BLVD, ROSEMEAD, CA, 91770","-118.073166,34.076023","241152642","R"
"516329","305 N 2nd Ave # 127,  Upland,  CA,  91786-6064","Tie"
"516209","9800 Valley Blvd,  Rosemead,  CA,  91770-1556","Match","Exact","9800 VALLEY BLVD, ROSEMEAD, CA, 91770","-118.05606,34.08042","624551624","R"
"516204","2244 Walnut Grove Ave # 331,  Rosemead,  CA,  91770-3714","Match","Exact","2244 WALNUT GROVE AVE, ROSEMEAD, CA, 91770","-118.08196,34.0539","142245660","R"
"516325","Business Bank of California Building188 N. Euclid Avenue,  Upland,  CA,  91786","No_Match"
"516205","1683 Walnut Grove Ave,  Rosemead,  CA,  91770-3711","Match","Exact","1683 WALNUT GROVE AVE, ROSEMEAD, CA, 91770","-118.08186,34.049248","647491890","L"
"516326","1000 Marsh Road,  Menlo Park,  CA,  94025","Match","Exact","1000 MARSH RD, MENLO PARK, CA, 94025","-122.18544,37.478954","640128306","R"
"516206","1683 Walnut Grove Ave,  Rosemead,  CA,  91770-3711","Match","Exact","1683 WALNUT GROVE AVE, ROSEMEAD, CA, 91770","-118.08186,34.049248","647491890","L"
"516327","400 N Mountain Ave Ste 212,  Upland,  CA,  91786-5176","Tie"
"516207","1683 Walnut Grove Ave,  Rosemead,  CA,  91770","Match","Exact","1683 WALNUT GROVE AVE, ROSEMEAD, CA, 91770","-118.08186,34.049248","647491890","L"
"516328","119 N 2nd Ave,  Upland,  CA,  91786-6019","Tie"
"516200","2244 Walnut Grove Ave,  Rosemead,  CA,  91770","Match","Exact","2244 WALNUT GROVE AVE, ROSEMEAD, CA, 91770","-118.08196,34.0539","142245660","R"
"516321","267 D Street,  Upland,  CA,  91786","Match","Non_Exact","267 E D ST, UPLAND, CA, 91786","-117.64759,34.098488","144675188","L"
"516201","120 BroadwaySuite 300,  Santa Monica,  CA,  90401-2386","No_Match"
"516322","305 N 2nd Ave # 127,  Upland,  CA,  91786-6064","Tie"
"516202","2244 Walnut Grove Ave,  Rosemead,  CA,  91770-3714","Match","Exact","2244 WALNUT GROVE AVE, ROSEMEAD, CA, 91770","-118.08196,34.0539","142245660","R"
"516323","655A North Mountain Ave,  Upland,  CA,  91786","Match","Exact","655 N MOUNTAIN AVE, UPLAND, CA, 91786","-117.67019,34.102577","640050096","L"
"516203","2244 Walnut Grove Ave,  Rosemead,  CA,  91770-3714","Match","Exact","2244 WALNUT GROVE AVE, ROSEMEAD, CA, 91770","-118.08196,34.0539","142245660","R"
"516324","489-A N. Central,  Upland,  CA,  91786","No_Match"
"516320","400 N Mountain Ave Ste 101,  Upland,  CA,  91786-5177","Tie"
"516318","1317 W Foothill Blvd Ste 245,  Upland,  CA,  91786-3673","Tie"
"516319","305 N 2nd Ave # 127,  Upland,  CA,  91786-6064","Tie"
"516116","21688 Gateway Center Dr Ste 125,  Diamond Bar,  CA,  91765-2460","Match","Exact","21688 GATEWAY CENTER DR, DIAMOND BAR, CA, 91765","-117.83326,33.99998","142238884","L"
"516237","8728 Valley Blvd Ste 209,  Rosemead,  CA,  91770-1776","Match","Exact","8728 VALLEY BLVD, ROSEMEAD, CA, 91770","-118.07954,34.080597","141641072","R"
"516117","21700 Copley Dr Ste 310,  Diamond Bar,  CA,  91765-4434","Match","Exact","21700 COPLEY DR, DIAMOND BAR, CA, 91765","-117.83086,33.99963","241251688","R"
"516238","2244 Walnut Grove Ave,  Rosemead,  CA,  91770","Match","Exact","2244 WALNUT GROVE AVE, ROSEMEAD, CA, 91770","-118.08196,34.0539","142245660","R"
"516118","20955 Pathfinder Road Ste. 100,  Diamond Bar,  CA,  91765","Match","Exact","20955 PATHFINDER RD, DIAMOND BAR, CA, 91765","-117.8446,33.984276","141736183","R"
"516239","3733 Rosemead Blvd Ste 201,  Rosemead,  CA,  91770","Match","Exact","3733 ROSEMEAD BLVD, ROSEMEAD, CA, 91770","-118.073166,34.076023","241152642","R"
"516119","21680 Gateway Center Dr Ste 100,  Diamond Bar,  CA,  91765-2454","Match","Exact","21680 GATEWAY CENTER DR, DIAMOND BAR, CA, 91765","-117.833206,33.999886","142238884","L"
"516112","750 N Diamond Bar Blvd Ste 222,  Diamond Bar,  CA,  91765","Match","Non_Exact","750 N DIAMOND BAR BLVD, DIAMOND BAR, CA, 91765","-117.80826,34.03288","647694910","R"
"516233","2244 Walnut Grove Ave,  Rosemead,  CA,  91770-3714","Match","Exact","2244 WALNUT GROVE AVE, ROSEMEAD, CA, 91770","-118.08196,34.0539","142245660","R"
"516113","20955 Pathfinder RoadSuite 100,  Diamond Bar,  CA,  91765","Match","Non_Exact","20955 PATHFINDER RD, DIAMOND BAR, CA, 91765","-117.8446,33.984276","141736183","R"
"516234","2244 Walnut Grove Ave Fl 3,  Rosemead,  CA,  91770-3714","Match","Exact","2244 WALNUT GROVE AVE, ROSEMEAD, CA, 91770","-118.08196,34.0539","142245660","R"
"516114","669 South 2nd Avenue,  Covina,  CA,  91723","Match","Exact","669 S 2ND AVE, COVINA, CA, 91723","-117.88735,34.0778","142782521","R"
"516235","777 South Figueroa Street,  Los Angeles,  CA,  90017","Match","Exact","777 S FIGUEROA ST, LOS ANGELES, CA, 90017","-118.260826,34.048344","141617177","R"
"516115","20955 Pathfinder RoadSuite 200,  Diamond Bar,  CA,  91765-4045","Match","Non_Exact","20955 PATHFINDER RD, DIAMOND BAR, CA, 91765","-117.8446,33.984276","141736183","R"
"516236","2244 Walnut Grove Ave,  Rosemead,  CA,  91770-3714","Match","Exact","2244 WALNUT GROVE AVE, ROSEMEAD, CA, 91770","-118.08196,34.0539","142245660","R"
"516230","2244 Walnut Grove Ave,  Rosemead,  CA,  91770","Match","Exact","2244 WALNUT GROVE AVE, ROSEMEAD, CA, 91770","-118.08196,34.0539","142245660","R"
"516110","PO Box 5409,  Diamond Bar,  CA,  91765","No_Match"
"516231","2244 Walnut Grove Ave # 3,  Rosemead,  CA,  91770-3714","Match","Exact","2244 WALNUT GROVE AVE, ROSEMEAD, CA, 91770","-118.08196,34.0539","142245660","R"
"516111","21680 Gateway Center Dr Ste 140,  Diamond Bar,  CA,  91765","Match","Exact","21680 GATEWAY CENTER DR, DIAMOND BAR, CA, 91765","-117.833206,33.999886","142238884","L"
"516232","2244 Walnut Grove Ave,  Rosemead,  CA,  91770","Match","Exact","2244 WALNUT GROVE AVE, ROSEMEAD, CA, 91770","-118.08196,34.0539","142245660","R"
"516109","21865 Copley Dr,  Diamond Bar,  CA,  91765","Match","Exact","21865 COPLEY DR, DIAMOND BAR, CA, 91765","-117.8291,34.00091","241251688","L"
"516105","21680 Gateway Center Dr Ste 140,  Diamond Bar,  CA,  91765-2456","Match","Exact","21680 GATEWAY CENTER DR, DIAMOND BAR, CA, 91765","-117.833206,33.999886","142238884","L"
"516226","3303 Del Mar Ave #A,  Rosemead,  CA,  91770","Match","Non_Exact","3303 DEL MAR AVE, ROSEMEAD, CA, 91770","-118.09955,34.068573","141640434","L"
"516106","21680 Gateway Center Dr Ste 100,  Diamond Bar,  CA,  91765-2454","Match","Exact","21680 GATEWAY CENTER DR, DIAMOND BAR, CA, 91765","-117.833206,33.999886","142238884","L"
"516227","1999 Avenue Of The Stars,  Los Angeles,  CA,  90067","No_Match"
"516107","21680 Gateway Center Dr Ste 280,  Diamond Bar,  CA,  91765-2456","Match","Exact","21680 GATEWAY CENTER DR, DIAMOND BAR, CA, 91765","-117.833206,33.999886","142238884","L"
"516228","1683 Walnut Grove Ave,  Rosemead,  CA,  91770-3711","Match","Exact","1683 WALNUT GROVE AVE, ROSEMEAD, CA, 91770","-118.08186,34.049248","647491890","L"
"516108","21688 Gateway Center Dr Ste 125,  Diamond Bar,  CA,  91765-2460","Match","Exact","21688 GATEWAY CENTER DR, DIAMOND BAR, CA, 91765","-117.83326,33.99998","142238884","L"
"516229","2244 Walnut Grove Ave,  Rosemead,  CA,  91770-3714","Match","Exact","2244 WALNUT GROVE AVE, ROSEMEAD, CA, 91770","-118.08196,34.0539","142245660","R"
"516101","21865 Copley Dr,  Diamond Bar,  CA,  91765-4178","Match","Exact","21865 COPLEY DR, DIAMOND BAR, CA, 91765","-117.8291,34.00091","241251688","L"
"516222","2244 Walnut Grove Avenue,  Rosemead,  CA,  91770","Match","Exact","2244 WALNUT GROVE AVE, ROSEMEAD, CA, 91770","-118.08196,34.0539","142245660","R"
"516223","2244 Walnut Grove AvePO Box 800,  Rosemead,  CA,  91770","Match","Non_Exact","2244 WALNUT GROVE AVE, ROSEMEAD, CA, 91770","-118.08196,34.0539","142245660","R"
"516103","21688 Gateway Center Dr,  Diamond Bar,  CA,  91765-2451","Match","Exact","21688 GATEWAY CENTER DR, DIAMOND BAR, CA, 91765","-117.83326,33.99998","142238884","L"
"516224","2244 Walnut Grove Ave,  Rosemead,  CA,  91770-3714","Match","Exact","2244 WALNUT GROVE AVE, ROSEMEAD, CA, 91770","-118.08196,34.0539","142245660","R"
"516104","20955 Pathfinder RoadSuite 100,  Diamond Bar,  CA,  91765","Match","Non_Exact","20955 PATHFINDER RD, DIAMOND BAR, CA, 91765","-117.8446,33.984276","141736183","R"
"516225","2244 Walnut Grove Ave,  Rosemead,  CA,  91770-3714","Match","Exact","2244 WALNUT GROVE AVE, ROSEMEAD, CA, 91770","-118.08196,34.0539","142245660","R"
"516220","2244 Walnut Grove Ave # 3,  Rosemead,  CA,  91770-3714","Match","Exact","2244 WALNUT GROVE AVE, ROSEMEAD, CA, 91770","-118.08196,34.0539","142245660","R"
"516100","1317 S Diamond Bar Blvd Unit 5003,  Diamond Bar,  CA,  91765-5643","Match","Non_Exact","1317 S DIAMOND BAR BLVD, DIAMOND BAR, CA, 91765","-117.81301,33.9978","241153934","R"
"516221","2244 Walnut Grove Ave,  Rosemead,  CA,  91770-3714","Match","Exact","2244 WALNUT GROVE AVE, ROSEMEAD, CA, 91770","-118.08196,34.0539","142245660","R"
"516219","2600 Michelson Drive  Suite 1000,  Irvine,  CA,  92612-6510","Match","Exact","2600 MICHELSON DR, IRVINE, CA, 92612","-117.85145,33.675186","638576741","R"
"516017","3602 Inland Empire Blvd Ste C315,  Ontario,  CA,  91764-4986","No_Match"
"516138","21680 Gateway Ctr Dr #280,  Diamond Bar,  CA,  91765-2435","Match","Exact","21680 GATEWAY CENTER DR, DIAMOND BAR, CA, 91765","-117.833206,33.999886","142238884","L"
"516259","451 W. Bonita Ave  Ste 17,  San Dimas,  CA,  91773-3083","Tie"
"516018","3633 Inland Empire Blvd Ste 670,  Ontario,  CA,  91764-7965","No_Match"
"516139","800 S Garey Ave,  Pomona,  CA,  91766-3325","Match","Non_Exact","800 S GAREY AVE, POMONA, CA, 91766","-117.74994,34.052372","639059496","L"
"516019","535 Griswold Street Suite 1000,  Detroit,  MI,  48226","Match","Exact","535 GRISWOLD ST, DETROIT, MI, 48226","-83.0463,42.329346","95480002","L"
"516013","3633 Inland Empire Blvd.Suite 250,  Ontario,  CA,  91764","No_Match"
"516134","3333 S Brea Canyon Rd Ste 216,  Diamond Bar,  CA,  91765-3785","Match","Exact","3333 BREA CANYON RD, DIAMOND BAR, CA, 91765","-117.84753,33.967514","142812295","R"
"516255","425 W Bonita Ave Ste 101,  San Dimas,  CA,  91773","Tie"
"516014","4141 Inland Empire Blvd Ste 260,  Ontario,  CA,  91764-5003","Match","Exact","4141 INLAND EMPIRE BLVD, ONTARIO, CA, 91764","-117.56009,34.07162","144983167","R"
"516135","730 N Diamond Bar Blvd,  Diamond Bar,  CA,  91765","Tie"
"516256","P O Box 186,  San Dimas,  CA,  91773-0186","No_Match"
"516015","4150 Concours St.Suite 260,  Ontario,  CA,  91764","Match","Non_Exact","4150 CONCOURS, ONTARIO, CA, 91764","-117.562965,34.073196","627839589","L"
"516136","20955 Pathfinder Rd Ste 100,  Diamond Bar,  CA,  91765-4029","Match","Exact","20955 PATHFINDER RD, DIAMOND BAR, CA, 91765","-117.8446,33.984276","141736183","R"
"516257","425 West Bonita Avenue Suite 207,  San Dimas,  CA,  91773","Match","Exact","425 W BONITA AVE, SAN DIMAS, CA, 91773","-117.81497,34.10668","241246117","R"
"516016","3200 Inland Empire Blvd Ste 265,  Ontario,  CA,  91764-5557","No_Match"
"516137","750 N Diamond Bar Blvd Ste 226,  Diamond Bar,  CA,  91765-1023","Match","Non_Exact","750 N DIAMOND BAR BLVD, DIAMOND BAR, CA, 91765","-117.80826,34.03288","647694910","R"
"516258","921 W. Cienega Ave.PO Box 186,  San Dimas,  CA,  91773-0186","Match","Non_Exact","921 W CIENEGA AVE, SAN DIMAS, CA, 91773","-117.82423,34.10306","241252296","R"
"516130","20955 Pathfinder Rd Ste 100,  Diamond Bar,  CA,  91765-4029","Match","Exact","20955 PATHFINDER RD, DIAMOND BAR, CA, 91765","-117.8446,33.984276","141736183","R"
"516251","Po Box 663,  San Dimas,  CA,  91773-0663","No_Match"
"516131","1370 Valley Vista Dr Ste 200Dba Wapac Law,  Diamond Bar,  CA,  91765-3921","Match","Exact","1370 VALLEY VISTA DR, DIAMOND BAR, CA, 91765","-117.83547,33.998276","142843486","L"
"516252","140 Via Verde Ste 100,  San Dimas,  CA,  91773-5117","No_Match"
"516011","4418 Ocean Dr,  Manhattan Beach,  CA,  90266-3042","No_Match"
"516253","100 W Foothill Blvd Ste 201,  San Dimas,  CA,  91773-1170","Tie"
"516012","3270 Inland Empire Blvd Ste 200,  Ontario,  CA,  91764-5580","No_Match"
"516133","3333 S. Brea Canyon RoadSuite 213,  Diamond Bar,  CA,  91765","Match","Non_Exact","3333 BREA CANYON RD, DIAMOND BAR, CA, 91765","-117.84753,33.967514","142812295","R"
"516254","100 W Foothill Blvd.Suite 201,  San Dimas,  CA,  91773","Tie"
"516250","1613 Calle Miradero,  San Dimas,  CA,  91773-4127","Match","Non_Exact","1613 CLL MIRADERO, SAN DIMAS, CA, 91773","-117.839806,34.08243","640124592","R"
"516006","3105 Sedona Ct,  Ontario,  CA,  91764","Match","Exact","3105 SEDONA CT, ONTARIO, CA, 91764","-117.584206,34.06885","619660819","L"
"516127","640 N Diamond Bar Blvd,  Diamond Bar,  CA,  91765-1037","Tie"
"516248","400 W Covina Blvd,  San Dimas,  CA,  91773","Match","Non_Exact","400 W COVINA BLVD, SAN DIMAS, CA, 91773","-117.814606,34.09942","141726094","R"
"516007","3400 Inland Empire Blvd.Suite 101,  Ontario,  CA,  91764","Match","Exact","3400 INLAND EMPIRE BLVD, ONTARIO, CA, 91764","-117.577934,34.071915","144735055","L"
"516128","3333 S Brea Canyon Rd Ste 213,  Diamond Bar,  CA,  91765","Match","Exact","3333 BREA CANYON RD, DIAMOND BAR, CA, 91765","-117.84753,33.967514","142812295","R"
"516249","615 E Foothill Blvd Ste C,  San Dimas,  CA,  91773-1255","Match","Non_Exact","615 E FOOTHILL BLVD, SAN DIMAS, CA, 91773","-117.79465,34.12248","141775659","L"
"516008","3350 Shelby Street Suite 200,  Ontario,  CA,  91764","Match","Exact","3350 SHELBY ST, ONTARIO, CA, 91764","-117.577126,34.070145","144734946","R"
"516129","21865 Copley Dr,  Diamond Bar,  CA,  91765","Match","Exact","21865 COPLEY DR, DIAMOND BAR, CA, 91765","-117.8291,34.00091","241251688","L"
"516009","800 N. Haven AvenueSuite 205,  Ontario,  CA,  91764","No_Match"
"516002","3633 Inland Empire Blvd Ste 670,  Ontario,  CA,  91764-7965","No_Match"
"516123","732 N Diamond Bar Blvd Ste 228,  Diamond Bar,  CA,  91765-1046","Tie"
"516244","762 W Cypress St,  San Dimas,  CA,  91773-3599","Match","Exact","762 CYPRESS ST, SAN DIMAS, CA, 91773","-117.82218,34.095783","142818661","L"
"516003","3105 Sedona Ct,  Ontario,  CA,  91764-6555","Match","Exact","3105 SEDONA CT, ONTARIO, CA, 91764","-117.584206,34.06885","619660819","L"
"516124","15910 Ventura Boulevard,  Encino,  CA,  91436","Match","Exact","15910 VENTURA BLVD, ENCINO, CA, 91436","-118.479614,34.155815","141556679","L"
"516245","464 E Bonita Ave Ste A,  San Dimas,  CA,  91773-3103","Tie"
"516004","800 N Haven Ave No. 425,  Ontario,  CA,  91764","No_Match"
"516246","615 E Foothill Blvd #C,  San Dimas,  CA,  91773-1255","Match","Non_Exact","615 E FOOTHILL BLVD, SAN DIMAS, CA, 91773","-117.79465,34.12248","141775659","L"
"516005","3270 Inland Empire BlvdSuite 200,  Ontario,  CA,  91764-5580","No_Match"
"516247","413 E Foothill Blvd Ste 100,  San Dimas,  CA,  91773-1222","Match","Non_Exact","413 E FOOTHILL BLVD, SAN DIMAS, CA, 91773","-117.79544,34.122623","141775659","L"
"516240","2244 Walnut Grove AvePo Box 800,  Rosemead,  CA,  91770-3714","Match","Non_Exact","2244 WALNUT GROVE AVE, ROSEMEAD, CA, 91770","-118.08196,34.0539","142245660","R"
"516120","21688 Gateway Center Dr Ste 125,  Diamond Bar,  CA,  91765-2451","Match","Exact","21688 GATEWAY CENTER DR, DIAMOND BAR, CA, 91765","-117.83326,33.99998","142238884","L"
"516241","2244 Walnut Grove Ave,  Rosemead,  CA,  91770","Match","Exact","2244 WALNUT GROVE AVE, ROSEMEAD, CA, 91770","-118.08196,34.0539","142245660","R"
"516000","3633 Inland Empire Blvd Ste 450,  Ontario,  CA,  91764-4921","No_Match"
"516121","21865 Copley Dr,  Diamond Bar,  CA,  91765-4178","Match","Exact","21865 COPLEY DR, DIAMOND BAR, CA, 91765","-117.8291,34.00091","241251688","L"
"516242","7728 Garvey Ave Ste 6,  Rosemead,  CA,  91770","Match","Exact","7728 GARVEY AVE, ROSEMEAD, CA, 91770","-118.10128,34.06262","241241022","R"
"516001","3500 Porsche Way Suite 200,  Ontario,  CA,  91764","Match","Exact","3500 PORSCHE WAY, ONTARIO, CA, 91764","-117.57198,34.069794","144734970","L"
"516243","Suite 2000 One Wilshire Boulevard,  Los Angeles,  CA,  90017","No_Match"
